"Month";"Month_Name";"avg_weekly_sales"
1;"January";923884.551361
2;"February";1053199.79713
3;"March";1013309.232957
4;"April";1026761.563444
5;"May";1031714.02213
6;"June";1064324.592889
7;"July";1031747.582937
8;"August";1048017.450974
9;"September";989335.349162
10;"October";999632.115538
11;"November";1147265.902806
12;"December";1281863.633778
